{"AbsRel": 0.2721143082538069, "AbsDiff": 0.6638666177875197, "SqRel": 0.2531946584178874, "RMSE": 0.7487353351126192, "LogRMSE": 0.26827259815196164, "r1": 0.48805457257071894, "r2": 0.9006441178526361, "r3": 0.9993402693007625, "complete": 0.047278013780381996, "acc(cm)": 51.62417128535252, "comp(cm)": 65.84995438593234, "chamfer(cm)": 58.737062835642426, "prec": 0.033248829953198125, "recal": 0.007560406101813469, "fscore": 0.012319498287959125}