{"bloodVessel_downsample": {"AbsRel": NaN, "AbsDiff": NaN, "SqRel": NaN, "RMSE": NaN, "LogRMSE": NaN, "r1": NaN, "r2": NaN, "r3": NaN, "complete": 0.047278013780381996, "acc(cm)": 51.62417128535252, "comp(cm)": 65.84995438593234, "chamfer(cm)": 58.737062835642426, "prec": 0.033248829953198125, "recal": 0.007560406101813469, "fscore": 0.012319498287959125}, "scene0785_00": {"AbsRel": 0.050276912516684986, "AbsDiff": 0.08238046157300173, "SqRel": 0.05168585465781054, "RMSE": 0.1950073395542164, "LogRMSE": 0.0944005841585859, "r1": 0.9720290584931649, "r2": 0.985551758183503, "r3": 0.9903341541028753, "complete": 0.9857668420226139, "acc(cm)": NaN, "comp(cm)": NaN, "chamfer(cm)": NaN, "prec": NaN, "recal": NaN, "fscore": NaN}}