{"AbsRel": 0.050276912516684986, "AbsDiff": 0.08238046157300173, "SqRel": 0.05168585465781054, "RMSE": 0.1950073395542164, "LogRMSE": 0.0944005841585859, "r1": 0.9720290584931649, "r2": 0.985551758183503, "r3": 0.9903341541028753, "complete": 0.9857668420226139, "acc(cm)": NaN, "comp(cm)": NaN, "chamfer(cm)": NaN, "prec": NaN, "recal": NaN, "fscore": NaN}